category,title,product_rating,selling_price,mrp,seller_name,seller_rating,description,highlights
Cricket ,ITWOSERVICES CRICKET NET 100X10 CRICKET NET NYLON HDPE Cricket Net  (Green),4.4,"1,615",4000,I2SERVICES,4.4,,Cricket Practice Net NYLON HDPE Material W x H x D: 10 x 10
Cricket ,ITWOSERVICES CRICKET NET GROUND BOUNDARY NET 10X10 FEET Cricket Net  (Green),4.4,152,600,I2SERVICES,4.4,10 X  10 GREEN CRICKET NET HDPE NYLON.,Cricket HDPE NYLON Material W x H x D: 3.048 x 3.048
Cricket ,VICTORY Medium Weight ( Pack of 1 ) Rubber Cricket Tennis Ball Cricket Rubber Ball  (Pack of 1),3.7,59,199,VictoryOutlets,4.7,,Cricket Rubber Ball Weight: 110 g
Cricket ,LYCAN Junior Cricket Bat Size 3 For Age Group 8 Years PVC/Plastic Cricket  Bat  (400 g),3.9,249,,sellguru,4.8,Lycan Junior Cricket Bat Size 3 For Age Group 8 Years .,Age Group 8 Yrs Blade Made of PVC/Plastic Beginner Playing Level Bat Grade: Grade 1 Sport Type: Cricket Weight Range 400 g
Cricket ,Star X Thrill Fox Heavy Duty First Grade HD Plastic Cricket Bat PVC/Plastic Cricket  Bat  (1 kg),4,349,749,STARX,4.5,"StarX Brings you ""Thrill Fox Heavy Duty First Grade HD Plastic Cricket Bat 8 Number"". Its Heavy Duty Cricket Bat for every player who plays Cricket. The Bat is made of pure hard plastic which makes it Unbreakable and Long Lasting. The Color of this Bat is Yellow. Suitability and Bat Size - Heavy Duty Plastic constructed Bat is Perfect Cricket Bat to play with Plastic Ball, Cosco Ball, Wind Ball and Tennis Ball. THE SIZE OF BAT IS 8 NUMBER. Material - This Bat is made and designed with very good quality plastic material. Balance and Performence - The Ball is well balanced to provide you comfort and performance. More Power in Less Effort - This Bat will give 25% more Power to you Every Shot with Minimum Effort. Durablility - Bat is made with Heavy Duty Plastic which makes the bat more Durable and Long Lasting.",Age Group 15+ Yrs Blade Made of PVC/Plastic Beginner Playing Level Bat Grade: Grade 1 Sport Type: Cricket Weight Range 1 kg
Cricket ,"Wetics Regular Wicket Keeping Gloves Combo With Inner Gloves (Black,Men) Wicket Keeping Gloves  (Black)",4.3,589,1999,Wetics,4.8,Good quality  product.  It comes in various range & variety and hence fulfills the need of all.,"Left & Right Gloves For Men & Women For Cricket Weight: 500 g Material: PU, Foam, Leather"
Badminton ,"Adrenex by Flipkart R501 Full Graphite Badminton Racquet Black, Orange Strung  (Pack of: 1, 90 g)",4.1,949,1375,BTPLD,4.4,"Gear up for a great game of badminton!
Adrenex R501 Strung Badminton Racquet has the ideal racquet size making it the top choice for advanced level, professional players. The ultra-lightweight racquet helps to enhance your performance. The graphite body and flexible graphite shaft make it highly durable, strong and flexible and allows stellar smashes. It features nanotubes technology, unipiece frame, support control cap, balanced swing weight and PVC foam embossed grip. It has an isometric frame for an extended sweet spot and string tension of 26-28 lbs.
About Adrenex-
Adrenex is a sports and fitness brand from the house of Flipkart that designs equipment as well as apparel. It stands for the importance of a regular fitness regime essential to lead a fit and healthy life. Catering to all ages across the country, the brand is all about a zest for life and energy.",Cover: Full Cover Strung Type:- Strung Grip Size: G3 - 8.89 cm Weight: 90 g Head Shape:- Oval Shape Beam Width:- 22 mm
Badminton ,"LI-NING XP-80-IV Grey, Blue Strung Badminton Racquet  (Pack of: 2, 86 g)",4,749,1980,RIDNISHretail,4.7,"Li-Ning's all time best seller XP-IV series is the best choice for beginners who wants quick fire power and flexibility. The duraluminum power frame helps reduces air resistance and gives you extra power to smash. If you are just getting started, then this is your go-to racket.Duraluminum Slim Shaft: This special light weight material is a mix of aluminium and ferrum that allows the racket to have quick fire power and medium flexibility at the same time.",Cover: Half Cover Strung Type:- Strung Grip Size: G4 - 8.25 cm Weight: 86 g Head Shape:- Oval Shape Beam Width:- 7 mm
Badminton ,Monika Sports 2 pc Single Shaft Racquet With 3 Feather shuttle & 1 Racquet Cover Badminton Kit,3.9,299,899,MONIKASPORTSINDUSTRIES,4.7,,"Sport Type: Badminton Ideal For: Senior, Junior Color: Multicolor Width: 26 cm, Height: 66 cm, Depth: 14 cm"
Badminton ,"Nongi Designer D1 Feather Shuttle cork for Indoor, Outdoor Badminton Sports Feather Shuttle  - Multicolor  (Medium, 77, Pack of 10)",3.9,215,400,PadmawatiSports,4.9,"Designed for everyday use, the NONGI  Shuttle offers high durability and to make your matches worthwhile. A shuttlecock is made of 16 feathers glued and bound together with a string and tucked into a rounded rubber cork base . The pace and speed of these shuttlecocks are Medium slow, which is appropriate for practice and training purpose . In one box, you can find 10 shuttlecocks. These shuttlecocks have DESIGNER FEATHERS, which makes shuttlecock attractive and increases the visibility of it  . With these shuttlecocks, you can excel in your learning and hit the shots with ease.","Feather Rubber Base Cork Base Material Superfine Hand Picked Feathers Skirt Material Medium, 77"
Badminton ,"LI-NING Smash XP 70 IV Badminton Racket (Set of 1 + 1 Full Cover) (Strung, Black/Gold) Yellow Strung Badminton Racquet  (Pack of: 2, 95 g)",3.9,499,990,RIDNISHretail,4.7,,Cover: Full Cover Strung Type:- Strung Grip Size: G4 -3.25 Inches Weight: 95 g Head Shape:- Oval Shape Beam Width:- 20.5 mm
Badminton ,"LI-NING XP-80-IV Grey, Blue Strung Badminton Racquet  (Pack of: 1, 86 g)",4,399,990,BTPLD,4.4,,Cover: Cover Not Available Strung Type:- Strung Grip Size: G4 - 8.25 cm Weight: 86 g Head Shape:- Oval Shape Beam Width:- 20 mm
Badminton ,"Nongi Badminton Feather Shuttlecock For Outdoor And Indoor Badminton Sports Feather Shuttle  - White  (Medium, 77, Pack of 2)",4,69,400,PadmawatiSports,4.9,,"Feather Rubber Base Cork Base Material Feather Skirt Material Medium, 77"
Cycling ,"Urban Terrain UT1000 MTB 27.5 T Mountain Cycle  (21 Gear, Black)",4.2,"12,999",49990,CultX,4.5,"This Urban Terrain mountain bike is made of steel to ensure sturdiness and durability. While its 21-speed gear shift helps you ride it on various terrains with ease, its 69.85 cm wide tires ensure a smooth and comfortable ride. Also, the double disc brakes ensure improved safety and reliability.",Age Group: 15+ Years Ideal For: Men/Women Gear: 21 Gear| Gear Type: Easy Fire Shifters/Thumb Shifters Front Brake: Disc Brake | Rear Brake: Disc Brake Frame Material: Steel Cycle/Mild steel Cycle Suspension: Only Front Suspension Tire Size: 27.5 inches | Frame Size:16 inch
Cycling ,"Urban Terrain Berlin with Complete Accessories & Mobile Tracking App 26 T Hybrid Cycle/City Bike  (Single Speed, Black, Blue)",4.2,"7,599",12000,CultX,4.5,"Urban Terrain UT7001S26 City Bicycle is the best in the class bike for the ultimate riding experience. It is made of high quality, very strong, and light steel to maximize durability, performance, and smooth ride. The wheel size of 26 inches with v-break makes it ideal for riding in all conditions in City. Premium V-Break in both front and rear wheels provide maximum safety. The cycle will be delivered in 85% assembled condition. You can easily assemble the cycle with the Tool kit and Air Pump provided in the Packaging. Ensure periodic maintenance for a better cycling experience. In case of returns, the customer needs to keep intact the original packaging to ensure delivery pickup.","Age Group: 13+ Years Ideal For: Boys/Men, Girls/Women Gear: Single Speed| Gear Type: Non Geared Front Brake: Wire Brake | Rear Brake: Wire Brake Frame Material: Steel Cycle/Mild steel Cycle Suspension: Rigid Tire Size: 26 inches | Frame Size:18 inch"
Cycling ,AutoKraftZ Most Popular Sun UV Protection Arm Sleeves for Men Women Cycling Gloves  (Black),3.9,77,599,Otter,4.6,"AutokraftZ presents to you Lets's slim compression arm sleeves which mainly design to maintain your arms temperature in summers. It is a cure for those riders who love to drive in summer also. It is a sun protection arm sleeves which protect your arm from tanning and sunburn. It has a gel inside which cools your hand even in the hot summer days. It also protects your arms from UV rays. It is made up of Nylon material which is breathable. It is flexible, adjustable and stretchable in nature, You can easily wear these arm sleeves on your hand and it will automatically adjust as per your arm shape. It is in black color which usually goes with every outfit. It is comfortable to wear for a long time. It is a thumb cut design so that you can easily operate your mobile phone while using it. You can use it as sports sleeves during your sports time. More likely use in Cricket, football, tennis. These arm sleeves are the perfect solution for riders in summer. You will love summers more even before.","Left & Right Gloves For Men, Boys, Girls, Women For Cycling Weight: 40 g Material: Nylon"
Cycling ,LA OTTER Gloves for gym and cycling Cycling Gloves  (Black),3.9,74,249,Otter,4.6,,"Left & Right Gloves For Boys, Girls, Men & Women For Cycling Weight: 40 g Material: Cotton, Nylon"
Cycling ,"vesco Kiddo 14"" Cycle for Kids Bicycles age 3 to 5 Year Boys & Girls 14 T BMX Cycle  (Single Speed, Blue)",4.2,"3,295",3600,VescoCycles,4.7,"The VESCO CYCLES Is Delivered In Semi-Assembled (85% Assembled). Customer Needs To Assemble It Before Use. This Kids Cycle Attractive Sporty Frame Design For Durability And Safety. Side Handle Bar Ends For Safety And Protecting The Cycle When It Falls Down, Wide And Anti Skid Pedals For Better And Firm Grip Of The Footwear. P.U Foam Saddle With Spring For Extra Comfort And Cushioning. The Bicycle Is Best Suited For Fast Daily Commutes And Faster Weekend Rides With A Sturdy And Robust Steel Frame Which Is Less Prone To Damage And Easy To Maintain In The Long Run. Anti-Skid Tires With Unique Grippers For Slippery Riding Conditions.",Age Group: 2 - 4 Years Ideal For: Kids Gear: Single Speed| Gear Type: Non Geared Front Brake: Wire Brake | Rear Brake: Wire Brake Frame Material: Steel Cycle/Mild steel Cycle Suspension: Rigid Tire Size: 14 inches | Frame Size:9 inch
Cycling ,"MODERN Arrow 26T Cycle 26 T Mountain/Hardtail Cycle  (Single Speed, Orange)",4.1,"5,599",10199,RKSONS1,4.7,,Age Group: 13+ Years Ideal For: Boys/Men Gear: Single Speed| Gear Type: Non Geared Front Brake: Wire Brake | Rear Brake: Wire Brake Frame Material: Steel Cycle/Mild steel Cycle Suspension: Front Rigid & Rear Suspension Tire Size: 26 inches | Frame Size:23.5 inch
Cycling ,"CRADIAC CITY BIKE 26 7 SPD BLACK 26 T Hybrid Cycle/City Bike  (7 Gear, Black)",4.3,"7,919",34999,BICYCLESTORE,5,,"Age Group: 13+ Years Ideal For: Men/Women, Boys/Men, Girls/Women Gear: 7 Gear| Gear Type: Easy Fire Shifters/Thumb Shifters Front Brake: Wire Brake | Rear Brake: Wire Brake Frame Material: Steel Cycle/Mild steel Cycle Suspension: Rigid Tire Size: 26 inches | Frame Size:18.5 inch"
Cycling ,"HERO Skyper 26T 26 T Mountain/Hardtail Cycle  (Single Speed, Black)",4.1,"5,499",6999,SRASRAretail,4.3,,Age Group: 13+ Years Ideal For: Men Gear: Single Speed| Gear Type: Non Geared Front Brake: Wire Brake | Rear Brake: Wire Brake Frame Material: Steel Cycle/Mild steel Cycle Suspension: Rigid Tire Size: 26 inches | Frame Size:16 inch
Cycling ,"GADGET DEALS Bicycle USB Rechargeable Waterproof Cycle Light, High 300 Lumens Bright Headlight LED Front Light  (Black)",4,249,999,TheGadgetDeals,4.8,,Type: Front Light Light Type: LED Color: Black
Football ,"RASCO GERMANY MACHINE STITCHED FOOTBALL WITH BLACK 28 CM PUMP SIZE 5 Football - Size: 5  (Pack of 2, Multicolor)",3.8,449,1299,SPORTS ONLINE INDIA,4.9,RASCO Germany football is machine stitched and its good for juniors . it with come to you with black color pump .,Football Weight: 400 g Suitable for: GRASS
Football ,PUMA TeamFinal Wave Ball Football - Size: 5  (Pack of 1),4.1,779,1299,BTPLD,4.4,,Football Outer Material: Synthetic Rubber Weight: 250 - 300 g
Football ,RASCO COMBO LALIG FOOTBALL WITH AIR PUMP Football - Size: 5  (Pack of 2),3.5,493,1499,RAJPOOT INTERNATIONAL,4.5,GOOD QUALITY FOOTBALL WITH 3 PLY PVC AND SIZE 5 BLADDER OF LEADER COMPANY,Football Weight: 460-495 g
Skating ,Strauss Baby Quad Roller Skates - Size For (4 to 6 Years)  (Red),3.8,649,1199,GlobalBeesBrands,4.4,These adjustable roller skates have an easy lace system that makes tightening and loosening the skates simple. The kids slip on the skates easily and provides a snug yet comfortable fit. These unisex roller skates are perfect for both boys and girls. Kids love the fun and vibrant colors of Strauss Kids Roller Skates.,"For: Quad Roller Ideal For: Boys, Girls Shoe Size: For (4 to 6 Years) Color: Red Beginner, Intermediate, Advanced, Training Skates"
Skating ,Dhawani Skating Shoe have different size and with PU LED wheel In-line Skates - Size 38 - 41 UK In-line Skates - Size 6-9 UK  (Blue),3.9,"1,519",3999,MGKENTERPRISE,4.3,"The in-line design allows for greater speed than roller skates and better maneuverability.Inlineskates are designed specifically for those individuals who seek to utilize their skates for getting in shape, or skating very frequently.Variances between recreational and inline skates exist in the bearings, wheel size, and overall weight. nline skates will typically have faster bearings and larger wheels to generate speed for lengthy skates. Inline skate boots will likely be more comfortable due to liner construction, as well as circulate air better via ventilation differences.Inline skates offer numerous advantages when it comes to exercise, most notably, it is not boring! Skating is a fast-paced, exciting activity that offers a lot more than your treadmill or yoga ball will. Furthermore, inline skating is a low impact activity that will generate little wear-and-tear on your joints and bones. Also, inline skating can burn as many calories as running. The list of benefits is long, but the bottom line is that inline skating is a great fitness activity. If you plan on using your skates to get in shape via long, fast skating adventures, then fitness skates are likely the best option for you","For: In-line Ideal For: Boys, Men, Junior, Senior Shoe Size: 6-9 UK Color: Blue Beginner, Intermediate, Training, Advanced, Recreational Skates"
Skating ,Jaspo Brillient Intact Senior Skates Combo (skates+helmet+knee+elbow+bag)suitable for age 6 to 14 years Skating Kit,4,999,1699,jaspo,4.8,Jaspo Players Intact Senior Skates Combo (skates+helmet+knee+elbow+bag)suitable for age 6 to 14 years,"Sport Type: Skating Ideal For: Senior Color: Black Width: 25 cm, Height: 10 cm, Depth: 40 cm"
Skating ,Bestie Toys Adjustable kids Suitable Quad Roller Skates - Size 6 years to 12 years UK  (Blue),4,599,999,BestieToys,4.8,These cute roller skates. These brightly coloured roller skates arescientifically designed for better grip and performance. These will last yourchild in his or her growing years as you can adjust the size of the skates asper the foot size.,"For: Quad Roller Ideal For: Boys, Girls Shoe Size: 6 years to 12 years UK Color: Blue Beginner Skates"
Skating ,Jaspo Brillient Pro Senior Skates Combo (skates+helmet+knee+elbow+wrist+bag)suitable for age 6 to 14 years Skating Kit,4.1,"1,099",1899,jaspo,4.8,"Adjustable,light weight , durable  superior senior roller skates with adjustable length from 20.5 to 24.5 cms. All black roller skates comes with accessiories like key, laces,straps, A complete set to get your started.","Sport Type: Skating Ideal For: Senior Color: Black Width: 2.5 cm, Height: 10 cm, Depth: 40 cm"
Skating ,"SeaRegal 4 Wheels Skate Boards 26.5 inch x 23.6 inch Skateboard  (Multicolor, Pack of 1)",4.1,689,999,TRADE_INDIA,4.2,,Waveboard Bearing: 4 Wheels Skate Boards W x H: 26.5 x 23.6 inch
Skating ,Authfort Roller Skates Shoes For Kids / Childrens - UNISEX Size 4-8 UK (Multicolor) Quad Roller Skates - Size 4-8 UK  (Multicolor),4,599,999,eFlick,4.1,"roller shoes is best for kids,junior,childrens.it is best way for juniors to learn how to skating. Skates comes with 4 wheels and toe brake. its has adjustable size .NOTE- make sure you should wear helment, knee pads when using roller shoe","For: Quad Roller Ideal For: Boys, Girls Shoe Size: 4-8 UK Color: Multicolor Training, Recreational, Intermediate, Beginner Skates"
Skating ,"Jaspo B- Safe Guards (Knee,Elbow,Helmet)(Small) Skating Kit",4.1,"1,186",1999,jaspo,4.8,"Ergonomic design, super lightweight, provides freedom of movement. High-density sponge shock absorption protection, effectively resist the impact force. Made of high quality material, comfortable and breathable. Large elastic force, comprehensively protect your knees while exercising. Great for fitness, outdoor sports or training exercises. Features of the B- Safe Set: impact Resistant: Each knee pad, and elbow pad feature soft, breathable neoprene materials for a comfortable fit and durable ABS hard caps to keep you safe and withstand impact. Multi-Sport Protection: name Knee pad, and elbow pad set are suitable for many sports like: skateboarding, roller/inline skating, cycling, scooter, and any other extreme sport or activity. Includes 1 pair of knee pads, elbow pads and helmet","Sport Type: Skating Ideal For: Boys, Girls, Senior, Men, Women Color: Red Width: 17.78 cm, Height: 17.78 cm, Depth: 20.32 cm"
Camping  and Hiking ,"COLEMAN Darwin 2 Person Tent Outdoor Camping Tent Tent - For 2 Adult & Suitable For All Seasons, Full Waterproof flysheet  (Green)",4.1,"6,299",6999,Great Rocksport P LTD,4.7,"A quick-pitch dome tent with ring and pin pole attachment for simple set-up. The front porch provides space for muddy boots and gear while the curved door allows for easy entry and exit. Quick-pitch dome structure with ring and pin pole attachment. Strong, durable PE groundsheet. Plenty of space for all campers and kit with front storage area.","Tarpaulin Sheet Suitable For 2 Adult & Suitable For All Seasons, Full Waterproof flysheet Color Green Dome Shape Water Resistant With Bag"
Camping  and Hiking ,"Coleman Palmetto Sleeping Bag, Temp -1.1C to 10C, 1.9 Kg  (Red)",4.2,"2,199",3199,DIIATBonline,4.7," 	Stay warm and cozy even when the temperature dips to below -1 degree Celsius in the Coleman Palmetto Cool Weather Sleeping Bag that has a polyester cover and soft tricot fibre blend liner for maximum comfort.  Features ComfortSmart Technology  	Coleman€™s exclusive ComfortSmart technology reduces zipper snags by taking the fabric away from the zip, easily locks the bag in place when rolling, reduces heat loss and has soft cuffs that feel gentle on your face.  Machine Washable  	Keeping this Palmetto Sleeping Bag clean is very simple as it can be machine washed.",180 X 80 Size Ideal For: Adults Color: Red 100% Polyester Material Inner Material:- Tricot Lining with Coletherm fill For 1 Person W x H x D: 83.8 cm x 190.5 cm x 10 cm
Camping  and Hiking ,ATARC 883-BK-L1 Pocket Knife  (Black),3.5,296,999,ATARC,4.3,Good quality  product.  It comes in various range & variety and hence fulfills the need of all.,Type: Pocket Knife Foldable Color: Black Blade Length: 3.1 inch
Camping  and Hiking ,AlexVyan Pocket Camping Folding Knife Stainless Steel Lock Knive Pocket Knife (Black). Knife  (Black),4.2,329,599,AlexVyan,4.2,"Pocket knife size all purpose knife for making classic cuts such as julienne, dice and fine chop of fruits and vegetables. Also good for delicate herbs to shredding head of cabbage.",Type: Knife Number of Tools: 1 Foldable Color: Black Blade Length: 2.5 inch
Camping  and Hiking ,"Rocksport Camplite 10°C to 20°C Sleep Bag For Camping and Traveling (Black/Sky Blue,1kg) Sleeping Bag",4,999,1799,Great Rocksport P LTD,4.7,"Rocksport sleeping bags can be used in outdoors during activities like trekking, hiking, camping or while travelling. They are designed for 10 to 20 Degrees Celsius. Moreover these sleeping bags are designed to keep you warm even in extreme conditions and prevent you from any dampness. Our sleeping bags are designed to ensure that after a tiring day of trekking, hiking, travel or any other exploration you can get a good and relaxing night€™s sleep. Each sleeping bag comes with a spacious carry bag,allowing for super convenient storage and easy carry maneuverability. The bags are not only ideal for cold conditions but even for warmer weather conditions.",Lagre Size Ideal For: Adults Color: Black/Sky Blue Nylon Material Inner Material:- Polyfill For 1 Person W x H x D: 76 cm x 200 cm x 76 cm
Swimming ,"Aarushi Unisex Silicon Swimming Cap and Swimming Goggle Swimming Cap  (Blue, Pack of 2)",3.7,297,1000,VijKanandCo,3,This makes it the ideal swim cap for men and women of all ages and competitive abilities. Comfort as it allows your head to breathe and move naturally. Its shaping capabilities also deliver superior protection while optimizing conditions for high speed and low drag in the water.,"Design: Full Head Cover Material: Silicon Size: Free Size Ideal For: Men, Women Waterproof Type:- https://drive.google.com/open?id=0B4mtzU2xQk8hd1NhTlNBblBzMzg"
Swimming ,APEX 5 Star Military Swim Floatation Belt,4.1,"1,099",1999,ASHARIF,4.6,"Whether you€™re boating, water skiing, surfing, you will have a blast in this Life Jacket. This Personal Device is designed with open sides, three adjustable chest belts with quick release buckles, and a crotch strap for a tight fit and better movement. It fits snug without being too tight and allows freedom in water. A durable polyester outer shell with high buoyancy foam inside produces greater buoyancy in water to keep you afloat. Product Features:- A Necessity for Water Sports, Boating, Water Skiing, Water Rides, Surfing, Jet Skiing, Participating in Rescue, Swimming Pool or Lake. Three Adjustable Straps with Quick Release Buckles and Open Sides for Better Fit. Whistle for Emergency Situations. Inner Pocket. Bright & Luminous Color for Better Visibility. Polyester Outer Shell with Enclosed Foam for Greater Buoyancy in Water. Crotch Straps Keeps the Life Jacket in Place and in Correct, Safe Position. 7Trees 3-Buckle Life Jacket with Whistle & Crotch Straps, For ADULTS Weighing 55 - 75 KG. Color- Neon Orange",
Swimming ,Futurekart Ear Plugs Soft Silica Gel Noise Ear Plug  (Multicolor),3.8,200,299,ARTBEE,4.7,"That easily compressed and inserted into the ear that perfectly fits your ears, these reusable ear plugs are comfortable even worn for an extended time Convenient And Reusable-Each pair of ear plugs is independent to store in a small box, waterproof rubber seal ensures their protetion from moistur, dust and debris. Adjustable Length-Our hearing protection ear plugs have long stems, you can cut their stems properly according to your needs, making it more suitable for your ears. Serve multi purpose: For Ear Protection, Travel noise reduction, Meditation, Sleeping, Study & Swimming These ear plugs can be used in flights for travelling to reduce the noise and air pressure in the flights.","Type: Ear Plug Ideal For: Men, Women Material: Silica Gel"
Swimming ,"Skylofts Soft Silicone Noise Reduction Ear Plugs for Sleeping, Meditation, Swimming adult and child, Reusable Earmuff for Travel Flights (Pack of 5) Ear Plug  (Multicolor)",3.7,199,599,Skylofts,4.1,"Comfortable And Safety Silicone Material-The swimming ear plugs are made of soft silicone and these travel ear plugs are BPA free and hypoallergenic. That easily compressed and inserted into the ear that perfectly fits your ears, these reusable ear plugs are comfortable even worn for an extended time.  Convenient And Reusable-Each pair of ear plugs is independent to store in a small box, waterproof rubber seal ensures their protetion from moistur, dust and debris. And you could also get a aluminum case, convenient carrying and saving at anywhere. And this ear plugs are reusable and washable.  Adjustable Length-Our hearing protection ear plugs have long stems, you can cut their stems properly according to your needs, making it more suitable for your ears. The super light soft design makes you even forget them in your ears.  Serve multi purpose: For Ear Protection, Travel noise reduction, Meditation, Sleeping, Study & Swimming  These ear plugs can be used in flights for travelling to reduce the noise and air pressure in the flights.","Type: Ear Plug Ideal For: Women, Men, Boys, Girls Reusable"
Swimming ,"Drauss Swimming Kit Anti Fog Swimming Goggle, 2 Ear Plugs, 100% Silicone Swimming Cap Swimming Cap  (Blue)",3.8,295,998,Web Mall,4.6,Good quality  product.  It comes in various range & variety and hence fulfills the need of all.,"Design: Full Head Cover, Ear Pockets Material: Silicon Size: Free Size Ideal For: Boys, Girls, Men, Women"
Swimming ,"ArrowMax Professional Swimming Cap full silicon ,Black By Krasa Swimming Cap  (Black, Pack of 1)",3.8,220,349,AVSRETAILS,4.9,,"Design: Full Head Cover Material: Silicon Size: Free Size Ideal For: Boys, Men, Girls, Women, Senior"
Swimming ,"Skylofts Soft Silicone Noise Reduction Ear Plugs for Sleeping, Meditation, Swimming adult and child, Reusable Earmuff for Travel Flights (Pack of 10) Ear Plug  (Multicolor)",4,299,799,Skylofts,4.1,"Comfortable And Safety Silicone Material-The swimming ear plugs are made of soft silicone and these travel ear plugs are BPA free and hypoallergenic. That easily compressed and inserted into the ear that perfectly fits your ears, these reusable ear plugs are comfortable even worn for an extended time.  Convenient And Reusable-Each pair of ear plugs is independent to store in a small box, waterproof rubber seal ensures their protetion from moistur, dust and debris. And you could also get a aluminum case, convenient carrying and saving at anywhere. And this ear plugs are reusable and washable.  Adjustable Length-Our hearing protection ear plugs have long stems, you can cut their stems properly according to your needs, making it more suitable for your ears. The super light soft design makes you even forget them in your ears.  Serve multi purpose: For Ear Protection, Travel noise reduction, Meditation, Sleeping, Study & Swimming  These ear plugs can be used in flights for travelling to reduce the noise and air pressure in the flights.","Type: Ear Plug Ideal For: Women, Men, Boys, Girls Reusable"
Cardio Equipment ,Hercules Fitness TM22 Treadmill,4.3,"29,129",62400,BTPLD,4.4,,Motorized Color: Black For Crab Walk Inclination Level 0 Maximum Weight Support 100 kg Display Type: LCD Foldable Speed: 1 - 12 kmh km/h
Cardio Equipment ,Adrenex by Flipkart Manual Treadmill for Exercise at Home Gym Running Machine for Cardio Weight Loss Treadmill,3.6,"9,499",21000,Reach2Fitness,4.4,"FEATURES: Foldable, Heart Rate Monitoring, Time, Speed, Distance, Calories WIDE RUNNING BELT:100x35cm will give you the spacious running space you need to
PULSE DETECTOR: Track your pulse with pulse sensors in the hand grips of this unique product","Manual Color: Black For Crab Walk, Incline Pushups Inclination Level 3 Foldable"
Cardio Equipment ,Durafit 3 in 1 Multifunction Manual With Twister And Push-up Bar Treadmill,4.5,"11,999",17999,FitnessSolutions,4.7,,"Manual Color: Silver For Treadmill Push, Side Shuffles Inclination Level 2 Maximum Weight Support 100 kg Display Type: LCD Foldable"
Cardio Equipment ,Durafit Mustang ( 6 HP Peak) DC Motorized Treadmill with Free Installation Assistance Treadmill,4.1,"41,999",68999,FitnessSolutions,4.7,,"Motorized Color: Black For Treadmill Push, Walking Lunges, Walking Plank Inclination Level 0 Maximum Weight Support 130 kg Display Type: LCD Foldable Speed: 1-16 km/h"
Cardio Equipment ,Powermax Fitness Power max Fitness TDM-100S 1.5Hp Motorized Treadmill,4.1,"31,491",54320,POWERMAX FITNESS,4.6,"The Powermax Fitness TDM-100S With Jumping wheels and Semi-Auto Lubrication Treadmill is a well-rounded treadmill to fit a variety of runners from athlete to average exerciser. The TDM-100S is actually small enough to fold up and store in the corner of a room with a size less than one square meter without having to disassemble. This Treadmill Features 5.5"" LCD display that shows Time, Distance, Calories, Speed, Pulse, and Incline , to provide a better watching experience and on the operating panel, it also has an iPad holder and water bottle and accessories, holder.",Motorized Color: Black For Treadmill Push Inclination Level 3 Maximum Weight Support 110 kg Display Type: LCD Speed: 12 km/h
Cardio Equipment ,"HRX Runner Pro Treadmill with Massager , Auto Incline , 3 Hp Peak DC motor Treadmill",3.8,"36,469",84999,RetailNet,4.8,"The HRX Runner Pro with Massager and Auto Incline is the perfect solution to your fitness goals as it comes with high performance and great looks. It is equipped with a peak power of 3.0 HP which enables a smooth workout. It comes with massager to improve your experience further. The treadmill has a width of 74 cm which delivers a safe workout. It can be easily folded as well when not in use. It comes with 7 inch LCD monitor to display all the necessary parameters you wish to track. It comes with 0-15 inclination levels which gives you the option to have more challenging workout sessions. It also has additional features like Personalized training programs, integrated weighing machine, heartrate monitor, music player and Bluetooth app connectivity to further enhance your workout session experience. 
At HRX, we believe that fitness can change who we are and what we do in all parts of our life. Our mission is to touch the lives of a billion people and inspire each of you to Be the best version of yourself. Our new range has been crafted to suit the demands of fitness enthusiasts like you and help you. With inputs from professional trainers and experts, every HRX product undergoes rigorous quality checks to ensure that fitness enthusiasts like you get nothing but the best.",Motorized Color: Black Inclination Level 15
Cardio Equipment ,Powermax Fitness TDA-360 10.1inch HD Display Multifunction Treadmill with Auto Incline Treadmill,4.4,"59,841",122550,OptimVRcommerce,4.4,,Motorized Color: Black For Treadmill Push Inclination Level 15
Cardio Equipment ,Fitness air bike,4.6,"39,999",79998,TheFlexnest,4.6,"The Smartest Treadmill on the block World-class cardio that fuels your runner's high. The Flextread provides the coaching, motivation, and variety you crave to keep you immersed in your fitness journey.",Motorized Color: Black For Crab Walk Inclination Level 0 Maximum Weight Support 120 kg Speed: 1-15 km/h
Home Gyms ,Pascal 20 KG WB - SL HOME GYM KIT WITH 3FT CURL ROD AND 3 FT STRAIGHT ROD AND ACCESSORIES Gym & Fitness Kit,3.9,"1,699",1999,HUBB.COM,4.7,"20 Kg of PVC weight (3Kg x 4 = 12 Kg + 2 kg x 4 = 8 kg ),1 x 3 feet Curl Rod + 1 X 3 feet straight rod + 2 x 14 dumbbell Rods + 1 PC skipping rope + 1 PC hand gripper + 100% pure leather gym gloves + 4 Locks and clippers comes with the rods ,A Combination Of All Gym Equipments For The Perfect Workout,It Is Highly Durable And Long Lasting,A Perfect Muscle Builder","Sport Type: Gym & Fitness Ideal For: Boys, Girls, Men Color: Multicolor Width: 48 cm, Height: 78 cm, Depth: 32 cm"
Home Gyms ,APTITUDE 30 Kg PVC Home Gym set with Curl Rod & Accessories Gym & Fitness Kit,4.6,"1,649",1999,APTITUDE   SPORTS,4.6,,"Sport Type: Gym & Fitness Ideal For: Boys, Girls Color: Black Width: 48 cm, Height: 78 cm, Depth: 32 cm"
Home Gyms ,Khargadham Multifunctioneel High Quality Home Gym Push Up Training Board Muscle Fitness Fitness Accessory Kit Kit,4.1,299,799,TrendbuyIndia,4.8,"Khargadham Bring For You Non-slip Hand Grips, Portable, Simple Assembly and Storage. Premium ABS tough plastic, which is very tough and not easily broken or damaged. Hand Grips are anti-slip.Portable, simple assembly and storage. It is convenient for training use.Push Up Rack Board Men Women Comprehensive Fitness Exercise Push-up Stands Body Building Training System Home Equipment. Consuming calories and enhancing strength with this innovative push-up system. Advanced and non-slip, oversized handle with ergonomic design, durable to use, easy to assemble, easy to carry. It is easy to use, just insert the handle to the desired color-coded position.","Sport Type: Fitness Accessory Kit Ideal For: Women, Men, Girls, Boys, Senior, Junior Color: Black Width: 11 cm, Height: 4 cm, Depth: 4 cm"
Home Gyms ,Manogyam Fitness Combo Of Toning Tube with Hand Grip for Body Workout Gym & Fitness Kit,4.1,290,699,Manogyam,4.8,"MANOGYAM brings For you a handy yet amazing Fitness Equipment called the ""DOUBLE TONING TUBE And HAND GRIPPER"" which can be used at the ease of your HOME, OFFICE & OUTDOORS.In contemporary world's busy schedule, odd eating hours, lots of fast food and heavy calories intake not only endangers your fitness but overall health. If you are not a health conscious person, then, the things mentioned above can cause serious health problems in the long run and destroy your fitness as well. Hence, We bring you the solution to all your problems. This TONING TUBE enables you to PERFORM GREAT WORKOUTS for which you used to go to the gym. Now, you can sweat and burn calories even at home.This equipment not only targets the tummy but shapes your SHOULDERS, ARMS, THIGHS AND BURN ABDOMINAL FAT. Use Our Double Toning Tube every day (morning recommended)1/2 hour to 45 minutes and to start noticing BETTER FITNESS LEVEL.","Sport Type: Gym & Fitness Ideal For: Women, Men, Girls, Boys, Junior, Senior Color: Multicolor Width: 14 cm, Height: 4 cm, Depth: 8 cm"
Home Gyms ,"DreamFit 30 kg Home gym with 3ft Staight , 3ft Curl Rod , pair of 2 kg pvc Hex Dumbbells Home Gym Kit",4,"1,899",8999,DreamFIT,4.8,"30 Kg of PVC weight (2.5 Kg x 4 = 10 Kg + 5 Kg x 4 = 20Kg ), 1 x 3 feet plain rod + 1 x 3 feet curl rod + 2 x 14 inch dumbbell Rods, 4 Locks and clippers comes with the rods, gym gloves + 1 gym backpack + 1 skipping rope + 1 hand gripper + pair of 2 kg pvc hex shaped dumbbells","Sport Type: Home Gym Ideal For: Men, Men, Women Color: Black Width: 90 cm, Height: 25 cm, Depth: 20 cm"
Home Gyms ,ADONYX Toning Tube With Door Anchor for All Type Resistance Bands Ideal for Men & Women Gym & Fitness Kit,4.1,199,999,ADONYX,4.8,"bands are perfect exercise bands for Insanity Asylum, CrossFit, P90X, Yoga, Pilates and Running.  exercise bands are the best flexibility bands for everyone to perform better, whether you are an elite athlete or are just trying to get back into shape or tone up. The neoprene lining on the door anchor increases the durability of the resistance band.
Anti-Snap €“ Our premium workout bands are made of the highest quality, using 100% Natural Latex from Malaysia with high elasticity and extra thick high-grade silicon that will not dry out, snap, or deform. Developed with you in mind, each tube is double layered and carefully constructed to provide maximum resistance! Our team at  has 10+ years of experience manufacturing latex products and we fully stand behind the quality of our products!
Adjustable Length & Comfortable €“ The length of the band is adjustable so it can be used for different workouts according to your requirement, comfortable non-slip handles for continued comfort during workouts. This translates into easier Resistance Band Training for both Men and Women alike","Sport Type: Gym & Fitness Ideal For: Boys, Girls, Men, Women Color: Multicolor Width: 10 cm, Height: 4 cm, Depth: 10 cm"
Home Gyms ,SX FITNESS PVC Home Gym Set (2.5Kg*4) Plate with Dumbbell Rod Gym & Fitness Kit,4,499,3999,SPORTSXPERT,4.9,"Anti-slip Handle: Its non-slip texture dumbbell handle gives you a comfortable feeling during the whole process of your exercise.
Steel: Solid steel core for reliable strength; will not bend or break after repeated use
Strength training: This unique combination suits the light to moderate user, both females & males.
Convenient: Its design will make your exercise routine simple. Each weight is specially designed, with easy handle grips to make moving, loading, and storage smooth.
Increase balance: Dumbbells can be used to perform muscle strengthening exercises and endurance training, and to increase flexibility and balance.","Sport Type: Gym & Fitness Ideal For: Boys, Girls, Junior, Men, Senior, Women Color: Black, Red Width: 15 cm, Height: 15 cm, Depth: 10 cm"
Support ,SportSoul Cotton Gym & Athletic Abdomen Support  (Black),4,249,349,SportSoul,4.6,"Ideal for waist 32-33.5 inches. If your waist is either 32 or 33 you should opt for this size, else go in for a different size. Made from high quality cotton fabric with 3 inch high quality elastic waist band. Elastic is covered with fabric to prevent red marks on skin. Covered back. Pocket in front for keeping abdominal guard while playing sports. Can be used in the gym while lifting weights.",Color: Black Type: Abdomen Support Exercise Type: Gym & Cricket Sport Type: Fitness
Support ,"VICTORY Professional Wrist Wrap Band , Wrist Strap For Gym and Fitness Wrist Support",4.3,105,399,VictoryOutlets,4.7,"VICTORY Adjustable Wrist Wrap- Pack of 2 provides optimum support, protection and stability to the knees during heavy weightlifting sessions. It can also be used during other activities like Powerlifting, Deadlifting, Crossfit, Volleyball, Basketball etc. Super thick closure for snug grip. Soft, Flexible and Washable. Reduce pressure and pain on the Wrist that are stressed under heavy weights. Can be used by both men and women.","Color: Red, Black Type: Wrist Support Exercise Type: Weight Lifting, General Fitness, Any Sports Activity Sport Type: Fitness, Boxing, Tennis"
Support ,Manogyam Soft Comfortable Heel silicone Gel Set 2 Pieces Shoe Heel Protector Pain Relieve Heel Support  (Beige),3.8,59,299,Manogyam,4.8,"SOFT & COMFORTABLE GEL MATERIAL -Made of Durable,High Quality SEBS Gel for superior cushioning. UNISEX, Anti-Odor, Non-Toxic.
INSTANT HEEL PAIN RELIEF - Best for Heel Pain Treatment, Cracked Heel Protectors, Relieve the Heel spurs and Tingling, sore feet, plantar fasciitis, treat stress fractures, sprained foot when walking or running
UNIQUE CELLULAR DESIGN - ONE SIZE FITS ALL SHOES - No need to worry about your shoe size. Reduce the soreness, swelling and discomfort caused by running, jogging or standing all day, providing comfort and daily mobility back.
All Day Comfort - They provide foot protection, reduces friction and shock absorption. Effective wear inserts comfortably with dress shoes, high heels, work boots, ballet shoes.","Color: Beige Type: Heel Support Exercise Type: Shopping, Walking, Exercising Sport Type: Running, Fitness, Hiking, Tennis, Skating, Boxing, Snowboarding"
Support ,"VICTORY Professional Wrist Wrap Band , Wrist Strap For Gym and Fitness Wrist Support",4.3,105,399,VictoryOutlets,4.7,"VICTORY Adjustable Wrist Wrap- Pack of 2 provides optimum support, protection and stability to the knees during heavy weightlifting sessions. It can also be used during other activities like Powerlifting, Deadlifting, Crossfit, Volleyball, Basketball etc. Super thick closure for snug grip. Soft, Flexible and Washable. Reduce pressure and pain on the Wrist that are stressed under heavy weights. Can be used by both men and women.","Color: Grey, Black Type: Wrist Support Exercise Type: Weight Lifting, General Fitness, Any Sports Activity Sport Type: Fitness, Boxing, Tennis"
Support ,VICTORY Adustable Ankle Brace Support Compression Foot Pain Relief ( Pack of 1 ) Ankle Support,4,105,299,VictoryOutlets,4.7,"It is perfectly designed to support weak and injured ankle. It is widely used in sports where athlete or individual are more prone to ankle injuries and where injury impact is intense .It is highly useful in compressing muscle ligaments, swelling, stiffness, sprains and ankle instability.",Color: Black Type: Ankle Support
